<?xml version="1.0" encoding="UTF-8"?>
<config date="1699808794736" transient="false">
	<site updateable="true" url="file:/C:/users/fluffy_dragon/.p2/pool/" enabled="true" policy="MANAGED-ONLY">
		<feature id="org.eclipse.ecf.filetransfer.ssl.feature" version="1.1.401.v20230422-0242" url="features/org.eclipse.ecf.filetransfer.ssl.feature_1.1.401.v20230422-0242/">
		</feature>
		<feature id="org.eclipse.mylyn.jdt.feature" version="4.0.0.v20230804-1109" url="features/org.eclipse.mylyn.jdt.feature_4.0.0.v20230804-1109/" plugin-identifier="org.eclipse.mylyn.context.core">
		</feature>
		<feature id="org.eclipse.oomph.setup" version="1.30.0.v20231016-0708" url="features/org.eclipse.oomph.setup_1.30.0.v20231016-0708/">
		</feature>
		<feature id="org.eclipse.ecf.filetransfer.httpclient5.feature" version="1.1.701.v20230423-0417" url="features/org.eclipse.ecf.filetransfer.httpclient5.feature_1.1.701.v20230423-0417/">
		</feature>
		<feature id="org.eclipse.mylyn.team.feature" version="4.0.0.v20230804-1109" url="features/org.eclipse.mylyn.team.feature_4.0.0.v20230804-1109/" plugin-identifier="org.eclipse.mylyn.context.core">
		</feature>
		<feature id="org.eclipse.jgit.gpg.bc" version="6.7.0.202309050840-r" url="features/org.eclipse.jgit.gpg.bc_6.7.0.202309050840-r/">
		</feature>
		<feature id="org.eclipse.equinox.p2.user.ui" version="2.4.2100.v20230814-2013" url="features/org.eclipse.equinox.p2.user.ui_2.4.2100.v20230814-2013/">
		</feature>
		<feature id="org.eclipse.mylyn.builds.feature" version="4.0.0.v20230804-1109" url="features/org.eclipse.mylyn.builds.feature_4.0.0.v20230804-1109/" plugin-identifier="org.eclipse.mylyn.builds.core">
		</feature>
		<feature id="org.eclipse.mylyn.commons.activity.feature" version="4.0.0.v20230804-1109" url="features/org.eclipse.mylyn.commons.activity.feature_4.0.0.v20230804-1109/" plugin-identifier="org.eclipse.mylyn.tasks.activity.ui">
		</feature>
		<feature id="org.eclipse.equinox.p2.rcp.feature" version="1.4.2100.v20230814-2013" url="features/org.eclipse.equinox.p2.rcp.feature_1.4.2100.v20230814-2013/">
		</feature>
		<feature id="org.eclipse.mylyn.git.feature" version="4.0.0.v20230804-1109" url="features/org.eclipse.mylyn.git.feature_4.0.0.v20230804-1109/" plugin-identifier="org.eclipse.mylyn.versions.core">
		</feature>
		<feature id="org.eclipse.tm.terminal.connector.ssh.feature" version="11.3.0.202307110141" url="features/org.eclipse.tm.terminal.connector.ssh.feature_11.3.0.202307110141/" plugin-identifier="org.eclipse.tm.terminal.connector.ssh">
		</feature>
		<feature id="org.eclipse.ecf.core.ssl.feature" version="1.1.501.v20230507-1921" url="features/org.eclipse.ecf.core.ssl.feature_1.1.501.v20230507-1921/">
		</feature>
		<feature id="org.eclipse.mylyn.github.feature" version="6.3.0.v20230804-1109" url="features/org.eclipse.mylyn.github.feature_6.3.0.v20230804-1109/" plugin-identifier="org.eclipse.mylyn.tasks.core">
		</feature>
		<feature id="org.eclipse.ecf.core.feature" version="1.6.1.v20230507-1923" url="features/org.eclipse.ecf.core.feature_1.6.1.v20230507-1923/">
		</feature>
		<feature id="org.eclipse.mylyn.egit.feature" version="4.0.0.v20230804-1109" url="features/org.eclipse.mylyn.egit.feature_4.0.0.v20230804-1109/" plugin-identifier="org.eclipse.mylyn.tasks.core">
		</feature>
		<feature id="org.eclipse.mylyn.wikitext.editors_feature" version="3.0.48.202308291007" url="features/org.eclipse.mylyn.wikitext.editors_feature_3.0.48.202308291007/" plugin-identifier="org.eclipse.mylyn.wikitext">
		</feature>
		<feature id="org.eclipse.tips.feature" version="0.4.100.v20230726-0617" url="features/org.eclipse.tips.feature_0.4.100.v20230726-0617/">
		</feature>
		<feature id="org.eclipse.emf.common" version="2.30.0.v20230810-0713" url="features/org.eclipse.emf.common_2.30.0.v20230810-0713/">
		</feature>
		<feature id="org.eclipse.jdt.bcoview.feature" version="1.2.100.v20230702-0923" url="features/org.eclipse.jdt.bcoview.feature_1.2.100.v20230702-0923/">
		</feature>
		<feature id="org.eclipse.mylyn.jenkins.feature" version="4.0.0.v20230804-1109" url="features/org.eclipse.mylyn.jenkins.feature_4.0.0.v20230804-1109/" plugin-identifier="org.eclipse.mylyn.builds.core">
		</feature>
		<feature id="org.eclipse.tm.terminal.connector.local.feature" version="11.3.0.202307110141" url="features/org.eclipse.tm.terminal.connector.local.feature_11.3.0.202307110141/">
		</feature>
		<feature id="org.eclipse.mylyn.monitor.feature" version="4.0.0.v20230804-1109" url="features/org.eclipse.mylyn.monitor.feature_4.0.0.v20230804-1109/" plugin-identifier="org.eclipse.mylyn.commons.core">
		</feature>
		<feature id="org.eclipse.epp.package.common.feature" version="4.29.0.20230907-1200" url="features/org.eclipse.epp.package.common.feature_4.29.0.20230907-1200/">
		</feature>
		<feature id="org.eclipse.platform" version="4.29.0.v20230903-1000" url="features/org.eclipse.platform_4.29.0.v20230903-1000/">
		</feature>
		<feature id="org.eclipse.tm.terminal.view.feature" version="11.3.0.202308190036" url="features/org.eclipse.tm.terminal.view.feature_11.3.0.202308190036/" plugin-identifier="org.eclipse.tm.terminal.view.ui">
		</feature>
		<feature id="org.eclipse.m2e.logback.feature" version="2.2.0.20230819-1220" url="features/org.eclipse.m2e.logback.feature_2.2.0.20230819-1220/" plugin-identifier="org.eclipse.m2e.core">
		</feature>
		<feature id="org.eclipse.egit" version="6.7.0.202309050840-r" url="features/org.eclipse.egit_6.7.0.202309050840-r/">
		</feature>
		<feature id="org.eclipse.epp.package.java.feature" version="4.29.0.20230907-1200" url="features/org.eclipse.epp.package.java.feature_4.29.0.20230907-1200/" plugin-identifier="org.eclipse.epp.package.java">
		</feature>
		<feature id="org.eclipse.mylyn.context.feature" version="4.0.0.v20230804-1109" url="features/org.eclipse.mylyn.context.feature_4.0.0.v20230804-1109/" plugin-identifier="org.eclipse.mylyn.context.core">
		</feature>
		<feature id="org.eclipse.justj.openjdk.hotspot.jre.full" version="17.0.9.v20231028-0858" url="features/org.eclipse.justj.openjdk.hotspot.jre.full_17.0.9.v20231028-0858/">
		</feature>
		<feature id="org.eclipse.m2e.lemminx.feature" version="2.0.5.20230815-1219" url="features/org.eclipse.m2e.lemminx.feature_2.0.5.20230815-1219/">
		</feature>
		<feature id="org.eclipse.eclemma.feature" version="3.1.7.202306070845" url="features/org.eclipse.eclemma.feature_3.1.7.202306070845/" plugin-identifier="org.eclipse.eclemma.ui">
		</feature>
		<feature id="org.eclipse.mylyn.wikitext_feature" version="3.0.48.202308291007" url="features/org.eclipse.mylyn.wikitext_feature_3.0.48.202308291007/" plugin-identifier="org.eclipse.mylyn.wikitext">
		</feature>
		<feature id="org.eclipse.m2e.feature" version="2.4.100.20230827-1557" url="features/org.eclipse.m2e.feature_2.4.100.20230827-1557/" plugin-identifier="org.eclipse.m2e.core">
		</feature>
		<feature id="org.eclipse.equinox.p2.discovery.feature" version="1.3.100.v20230728-2010" url="features/org.eclipse.equinox.p2.discovery.feature_1.3.100.v20230728-2010/">
		</feature>
		<feature id="org.eclipse.rcp" version="4.29.0.v20230903-1000" url="features/org.eclipse.rcp_4.29.0.v20230903-1000/">
		</feature>
		<feature id="org.eclipse.equinox.p2.core.feature" version="1.6.1900.v20230814-2013" url="features/org.eclipse.equinox.p2.core.feature_1.6.1900.v20230814-2013/">
		</feature>
		<feature id="org.eclipse.jgit.ssh.apache" version="6.7.0.202309050840-r" url="features/org.eclipse.jgit.ssh.apache_6.7.0.202309050840-r/">
		</feature>
		<feature id="org.eclipse.mylyn.versions.feature" version="4.0.0.v20230804-1109" url="features/org.eclipse.mylyn.versions.feature_4.0.0.v20230804-1109/" plugin-identifier="org.eclipse.mylyn.versions.core">
		</feature>
		<feature id="org.eclipse.oomph.p2" version="1.28.0.v20231016-0708" url="features/org.eclipse.oomph.p2_1.28.0.v20231016-0708/">
		</feature>
		<feature id="org.eclipse.mylyn.commons.feature" version="4.0.0.v20230804-1109" url="features/org.eclipse.mylyn.commons.feature_4.0.0.v20230804-1109/" plugin-identifier="org.eclipse.mylyn.commons.core">
		</feature>
		<feature id="org.eclipse.mylyn.reviews.feature" version="4.0.0.v20230804-1109" url="features/org.eclipse.mylyn.reviews.feature_4.0.0.v20230804-1109/" plugin-identifier="org.eclipse.mylyn.reviews.core">
		</feature>
		<feature id="org.eclipse.e4.rcp" version="4.29.0.v20230825-1346" url="features/org.eclipse.e4.rcp_4.29.0.v20230825-1346/">
		</feature>
		<feature id="org.eclipse.equinox.p2.extras.feature" version="1.4.2100.v20230814-2013" url="features/org.eclipse.equinox.p2.extras.feature_1.4.2100.v20230814-2013/">
		</feature>
		<feature id="org.eclipse.oomph.setup.core" version="1.29.0.v20230920-0933" url="features/org.eclipse.oomph.setup.core_1.29.0.v20230920-0933/">
		</feature>
		<feature id="org.eclipse.mylyn.commons.identity.feature" version="4.0.0.v20230804-1109" url="features/org.eclipse.mylyn.commons.identity.feature_4.0.0.v20230804-1109/" plugin-identifier="org.eclipse.mylyn.commons.core">
		</feature>
		<feature id="org.eclipse.epp.mpc" version="1.10.1.v20221110-1841" url="features/org.eclipse.epp.mpc_1.10.1.v20221110-1841/" plugin-identifier="org.eclipse.epp.mpc.ui">
		</feature>
		<feature id="org.eclipse.jdt" version="3.19.200.v20230903-1000" url="features/org.eclipse.jdt_3.19.200.v20230903-1000/">
		</feature>
		<feature id="org.eclipse.jgit.http.apache" version="6.7.0.202309050840-r" url="features/org.eclipse.jgit.http.apache_6.7.0.202309050840-r/">
		</feature>
		<feature id="org.eclipse.help" version="2.3.1500.v20230903-1000" url="features/org.eclipse.help_2.3.1500.v20230903-1000/" plugin-identifier="org.eclipse.help.base">
		</feature>
		<feature id="org.eclipse.wildwebdeveloper.xml.feature" version="1.3.0.202308101707" url="features/org.eclipse.wildwebdeveloper.xml.feature_1.3.0.202308101707/">
		</feature>
		<feature id="org.eclipse.tm.terminal.feature" version="11.3.0.202307110141" url="features/org.eclipse.tm.terminal.feature_11.3.0.202307110141/" plugin-identifier="org.eclipse.tm.terminal.view.core">
		</feature>
		<feature id="org.eclipse.jgit" version="6.7.0.202309050840-r" url="features/org.eclipse.jgit_6.7.0.202309050840-r/">
		</feature>
		<feature id="org.eclipse.mylyn.ide.feature" version="4.0.0.v20230804-1109" url="features/org.eclipse.mylyn.ide.feature_4.0.0.v20230804-1109/" plugin-identifier="org.eclipse.mylyn.context.core">
		</feature>
		<feature id="org.eclipse.buildship" version="3.1.7.v20230428-1350" url="features/org.eclipse.buildship_3.1.7.v20230428-1350/" plugin-identifier="org.eclipse.buildship.branding">
		</feature>
		<feature id="org.eclipse.ecf.filetransfer.feature" version="3.14.1800.v20230422-0242" url="features/org.eclipse.ecf.filetransfer.feature_3.14.1800.v20230422-0242/">
		</feature>
		<feature id="org.eclipse.mylyn.tasks.feature" version="4.0.0.v20230821-1313" url="features/org.eclipse.mylyn.tasks.feature_4.0.0.v20230821-1313/" plugin-identifier="org.eclipse.mylyn.tasks.core">
		</feature>
		<feature id="org.eclipse.mylyn.commons.repositories.feature" version="4.0.0.v20230804-1109" url="features/org.eclipse.mylyn.commons.repositories.feature_4.0.0.v20230804-1109/" plugin-identifier="org.eclipse.mylyn.commons.core">
		</feature>
		<feature id="org.eclipse.mylyn.commons.notifications.feature" version="4.0.0.v20230804-1109" url="features/org.eclipse.mylyn.commons.notifications.feature_4.0.0.v20230804-1109/" plugin-identifier="org.eclipse.mylyn.commons.core">
		</feature>
		<feature id="org.eclipse.tm.terminal.connector.telnet.feature" version="11.3.0.202307110141" url="features/org.eclipse.tm.terminal.connector.telnet.feature_11.3.0.202307110141/">
		</feature>
		<feature id="org.eclipse.tm.terminal.control.feature" version="11.3.0.202308191743" url="features/org.eclipse.tm.terminal.control.feature_11.3.0.202308191743/" plugin-identifier="org.eclipse.tm.terminal.control">
		</feature>
		<feature id="org.eclipse.emf.ecore" version="2.35.0.v20230829-0934" url="features/org.eclipse.emf.ecore_2.35.0.v20230829-0934/">
		</feature>
		<feature id="org.eclipse.userstorage" version="1.2.0.v20210517-0327" url="features/org.eclipse.userstorage_1.2.0.v20210517-0327/">
		</feature>
	</site>
</config>
